run_id,final_val_bpb,modified,improved,title
2026_03_23_run_0001,2.226923,False,True,Establish baseline
2026_03_23_run_0002,1.635226,True,True,Single-Microbatch Sync Cleanup
2026_03_23_run_0003,1.634419,True,True,Smaller Batch And Tighter Reserve
2026_03_23_run_0004,1.628151,True,True,Late Quantization-Aware Snap And Longer Warmdown
2026_03_23_run_0005,1.631988,True,False,Row-Group Int8 Quantization Alignment
2026_03_23_run_0006,1.627026,True,True,Late-Decoder FP16 Quantization Rescue
2026_03_23_run_0007,1.640195,True,False,Per-Row Outlier Clipping With Denser Late Quant-Aware Snaps
2026_03_23_run_0008,1.583374,True,True,Quant-Aware Late LR Rebalance
2026_03_23_run_0009,1.697299,True,False,Half-Context Higher-Token Budget
2026_03_23_run_0010,1.578407,True,False,Quant-Aware Phase Reset With Deeper Tail FP16 Rescue
2026_03_23_run_0011,1.589201,True,False,Budget-Neutral Tail QKV FP16 Rescue
2026_03_23_run_0012,1.589941,True,False,Quant-Aware Phase-Start Reset
2026_03_23_run_0013,1.592354,True,False,Quant-Aware Soft-Start Ramp
2026_03_23_run_0014,1.582210,True,False,Sqrt-Companded Matrix Int8 Roundtrip
2026_03_23_run_0015,1.584565,True,False,Budget-Greedy Final FP16 Rescue
2026_03_23_run_0016,1.590216,True,False,Terminal Scalar-Only Quantized Calibration
2026_03_23_run_0017,1.588245,True,False,Budgeted Final FP16 Knapsack Reallocation
2026_03_23_run_0018,1.579196,True,True,Adaptive Row-Offset Int8 Quantizer
2026_03_23_run_0019,1.587158,True,False,Row-Offset Error Gate
2026_03_23_run_0020,1.585613,True,False,MSE-Gated Adaptive Row-Offset Int8
2026_03_23_run_0021,1.588701,True,False,Affine-Recalibrated Row-Offset Int8 Quantizer
2026_03_23_run_0022,1.580303,True,False,Axis-Mixed Midpoint Row-Offset Int8
2026_03_23_run_0023,1.587493,True,False,Selective FP16-Tail Quant-Aware Matrix LR Split
2026_03_23_run_0024,1.588032,True,False,Packed Sparse Row-Offset Int8
2026_03_23_run_0025,1.575643,True,True,Soft Quant-Aware Projection Ramp
2026_03_24_run_0001,1.584903,True,False,Projection-Focused Soft Quant Ramp
2026_03_24_run_0002,1.588990,True,False,Projection-First Quant-Aware Power Ramp
2026_03_24_run_0003,1.576693,True,False,Error-Adaptive Soft Ramp With Axis-Mixed Int8
2026_03_24_run_0004,1.582346,True,False,Projection-Momentum Reset On Quant-Aware Snaps
2026_03_24_run_0005,1.597732,True,False,Reserve Reclaim By Skipping Default Final Float Eval
2026_03_24_run_0006,1.583852,True,False,Terminal Float-Eval Skip With Tighter Endgame Reserve
2026_03_24_run_0007,1.709163,True,False,Projection Row-Mean Reparameterization
2026_03_24_run_0008,1.680782,True,False,Projection Row-Mean Reparameterization
2026_03_24_run_0009,1.592400,True,False,Quant-Aware Projection Micro-Pull
2026_03_24_run_0010,1.585271,True,False,Terminal Exact Snap With Error-Adaptive Soft Mix
2026_03_24_run_0011,1.579681,True,False,Projection FP32 Quant Metadata
2026_03_24_run_0012,1.575741,True,False,Midpoint-Choice Row-Offset Int8
2026_03_24_run_0013,1.584209,True,False,Soft FP16-Keep Quant-Aware Ramp
2026_03_24_run_0014,1.579879,True,False,Quant-Aware Projection Muon LR Split
2026_03_24_run_0015,1.591557,True,False,Per-Row Zero-Mean-Midpoint Offset Choice
2026_03_24_run_0016,1.577382,True,False,Row-Wise Multi-Center Offset Int8
2026_03_24_run_0017,1.575780,True,False,Selective Projection Midpoint Int8
2026_03_24_run_0018,1.586154,True,False,Terminal Projection Midpoint Quantizer
2026_03_24_run_0019,1.599488,True,False,Four-Step Muon Orthogonalizer
2026_03_24_run_0020,1.584167,True,False,Projection-Warm Quant-Aware Expansion
2026_03_24_run_0021,1.579898,True,False,Projection-Warm Quant-Aware Expansion
2026_03_24_run_0022,2.198220,False,False,Terminal Exact Quantization Runway
2026_03_24_run_0023,1.586275,True,False,Error-Gated Quant-Aware Projection Ramp
2026_03_24_run_0024,1.591190,True,False,Selective Projection Row-Center Choice
2026_03_24_run_0025,1.581200,True,False,Always-Exact Final Quant-Aware Snap
2026_03_24_run_0026,1.574193,True,True,Projection-Only Gentle Int8 Clipping
2026_03_24_run_0027,1.578857,True,False,Proxy-Clip Projection Finalizer
2026_03_24_run_0028,1.583646,True,False,Projection Midpoint Offset Under Gentle Clip
2026_03_24_run_0029,1.583422,True,False,Projection-Weighted Quant-Aware Roundtrip
2026_03_24_run_0030,1.586717,True,False,Late Projection Outlier Regularization
2026_03_24_run_0031,1.588160,True,False,Selective Projection-Only Quant-Aware Roundtrip
2026_03_24_run_0032,1.575764,True,False,Projection-Only Quant-Aware Endgame Densification
2026_03_24_run_0033,1.567200,True,True,Late Projection EMA Finalizer
2026_03_24_run_0034,1.582663,True,False,Projection EMA Distortion-Gated Finalizer
2026_03_24_run_0035,1.579529,True,False,Selective Projection EMA Row Finalizer
2026_03_24_run_0036,1.590504,True,False,Projection Lattice EMA Finalizer
2026_03_24_run_0037,1.578784,True,False,Projection Dual-Clip Row Chooser
2026_03_24_run_0038,1.574050,True,False,Second-Snap Projection EMA Finalizer
2026_03_24_run_0039,2.217432,False,False,Projection Affine Refit Int8
2026_03_24_run_0040,1.584852,True,False,Late MLP-FC LR Damping With Projection EMA
2026_03_24_run_0041,1.580754,True,False,Budgeted Projection Row Rescue
2026_03_24_run_0042,1.591804,True,False,MLP-Only Projection EMA Finalizer
2026_03_24_run_0043,1.576713,True,False,Projection EMA With FP32 Metadata
2026_03_24_run_0044,1.580121,True,False,Projection EMA With FP32 Metadata
2026_03_24_run_0045,1.577750,True,False,Train-Calibrated Projection EMA Finalizer
2026_03_24_run_0046,1.591710,True,False,Roundtripped Projection EMA Finalizer
2026_03_24_run_0047,1.590133,True,False,Projection Row-Gain Equalized EMA Finalizer
2026_03_24_run_0048,2.577107,True,False,Projection Group-Scale EMA Finalizer
2026_03_24_run_0049,1.595633,True,False,Recovered Endgame Budget With Delayed Projection EMA
2026_03_24_run_0050,1.575026,True,False,Dual-Rate Projection EMA Finalizer
2026_03_24_run_0051,1.578111,True,False,Projection Quant-Bias EMA Finalizer
2026_03_24_run_0052,1.582423,True,False,Selective Muon Reset On Quant-Aware Entry
2026_03_24_run_0053,1.565410,True,True,Columnwise MLP Expansion Int8 With Projection EMA
2026_03_24_run_0054,1.575845,True,False,Second-Snap Columnwise MLP Projection EMA
2026_03_24_run_0055,1.574369,True,False,Late MLP FP16 Reallocation Over Tail QKV
2026_03_24_run_0056,1.582112,True,False,Adaptive Axis-Choice Int8 With Projection EMA
2026_03_24_run_0057,1.583290,True,False,EMA Over Transposed MLP Expansion Finalizer
2026_03_24_run_0058,1.573534,True,False,Transpose-Tuned MLP Expansion Int8
2026_03_24_run_0059,1.584635,True,False,Selective Quant-Aware MLP Expansion Plus Projection Endgame
2026_03_24_run_0060,1.586623,True,False,Selective Quant-Aware MLP Expansion Plus Projection Endgame
2026_03_24_run_0061,1.584904,True,False,Advanced Columnwise MLP Quant-Aware Ramp
2026_03_24_run_0062,1.585536,True,False,Hybrid FP16 Rescue Rows For Transposed MLP Int8
2026_03_25_run_0001,1.579766,True,False,Calibration-Selected Dual EMA Quant Finalizer
2026_03_25_run_0002,1.576266,True,False,Hybrid FP16 Rescue Rows For Transposed MLP Int8
2026_03_25_run_0003,1.578299,True,False,Cross-Layer MLP Channel Equalization Int8 Finalizer
2026_03_25_run_0004,1.582212,True,False,Longer Gentle Quant-Aware Tail with Mix-Damped Matrix LR
2026_03_25_run_0005,1.583573,True,False,Embedded Payload Runner With Quant-Aware Snapshot Averaging Patch
2026_03_25_run_0006,2.208060,False,False,Blocker: Concurrent Script Mutation
2026_03_25_run_0007,1.580373,True,False,MSE-Gated Row-Offset Int8 Selection
2026_03_25_run_0008,1.578364,True,False,Expand EMA Coverage to MLP Expansion Weights
2026_03_25_run_0009,1.573579,True,False,Transpose-Specific Mild MLP-FC Clip
2026_03_25_run_0010,1.578761,True,False,Set INT8 row-offset minimum ratio default to zero
2026_03_25_run_0011,1.578159,True,False,INT8 projection-aware roundtrip and simplified training path
2026_04_19_run_0001,1.590169,True,False,PR1612 Hyperparameter Transfer On Best Quant Path
2026_04_19_run_0002,1.590572,True,False,PR1612 QK Gain And Muon Warmup Transplant
2026_04_19_run_0003,1.568570,True,False,Gated Tail MLP Recurrence On Best Quant Path
2026_04_19_run_0004,1.571761,True,False,Tail-Block Gated Recurrence On Best Quant Path
2026_04_19_run_0005,1.587011,True,False,Tail-Block Gated Recurrence On Best Quant Path
2026_04_19_run_0006,1.581573,True,False,Shared Tail MLP Triplet With FP16 Reallocation
2026_04_19_run_0007,1.569609,True,False,Tail MLP-FC EMA On Best Quant Path
2026_04_19_run_0008,1.587254,True,False,Shared Tail MLP-FC Reuse On Best Quant Path
2026_04_20_run_0001,1.577770,True,False,Gated Tail State Carryover On Best Quant Path
2026_04_20_run_0002,1.573849,True,False,Gated Tail State Carryover On Best Quant Path
2026_04_20_run_0003,1.580503,True,False,Transpose-Tuned Tail MLP FP16 Reallocation
2026_04_20_run_0004,1.565754,True,False,Transpose-Clip Tail-FC EMA Blend
2026_04_20_run_0005,1.579578,True,False,Isolated Transpose Clip On Best Quant Path
2026_04_20_run_0006,1.579036,True,False,Isolated Transpose Clip On Best Quant Path
2026_04_20_run_0007,1.587857,True,False,Scored-Only Final Budget Reallocation
2026_04_20_run_0008,1.559344,True,True,Logit Bias Gain On Best Quant Path
2026_04_20_run_0009,1.556154,True,True,Projection-Only FP16 Tail Reallocation
2026_04_20_run_0010,1.548231,True,True,Bigram Rank 32 On Projection-Only Tail
2026_04_20_run_0011,1.542938,True,True,Bigram Rank 64 On Projection-Only Tail
2026_04_20_run_0012,1.550987,True,False,Bigram Rank 64 Plus Tiny Output Head
2026_04_20_run_0013,1.578406,True,False,SiLU MLP On Bigram64 Projection Tail
2026_04_20_run_0014,1.548905,True,False,Lower Batch Tokens On Bigram64 Tail
2026_04_20_run_0015,1.548639,True,False,Bigram Warm Start On Rank64 Tail
2026_04_20_run_0016,1.551107,True,False,Tiny Warm Output Head On Bigram64 Tail
2026_04_20_run_0017,1.550871,True,False,Reserve Reclaim On Bigram64 Tail
2026_04_20_run_0018,1.557169,True,False,Longer Denser Quant-Aware Tail On Bigram64
2026_04_20_run_0019,1.588873,True,False,Tiny Smear Gate On Bigram64 Tail
2026_04_20_run_0020,1.553493,True,False,Muon Warmup Start 0.90 On Bigram64 Tail
2026_04_20_run_0021,1.548754,True,False,Trainable Quantized Bigram Rank 128 Tail
2026_04_20_run_0022,1.548079,True,False,Bigram Rank 80 With Explicit FP16 Tail
2026_04_20_run_0023,1.554529,True,False,Hidden-Gated Bigram Rank 64 Tail
2026_04_20_run_0024,1.553998,True,False,Trainable Float-Kept Bigram Rank 80 Tail
2026_04_20_run_0025,1.551753,True,False,Refine current best
2026_04_20_run_0026,1.554911,True,False,Factorized Trigram Tail On Bigram64 Quant Path
2026_04_20_run_0027,1.548742,True,False,Float-Kept Tail EMA On Bigram64
2026_04_20_run_0028,1.553026,True,False,Selective Quant-Aware Decoder Tail On Bigram64
2026_04_21_run_0001,1.559214,True,False,Tail MLP Recurrence On Bigram64 Tail
2026_04_21_run_0002,1.622645,True,False,Roundtripped Bigram Tail Calibration
2026_04_21_run_0003,1.548415,True,False,Gated Tail Carryover On Bigram64 Tail
2026_04_21_run_0004,1.552949,True,False,Zero-Init Warm Bigram Output On Rank64 Tail
2026_04_21_run_0005,1.544695,True,False,Refine current best
2026_04_21_run_0006,1.551847,True,False,PR1612 Hyperparameter Transplant On Bigram64 Best
2026_04_21_run_0007,1.547684,True,False,Refine current best
2026_04_21_run_0008,1.542524,True,True,Mild QK Gain With Leaner Endgame
2026_04_21_run_0009,1.544224,True,False,Depth-Ramped QK Gain On Bigram64 Best
2026_04_21_run_0010,1.555853,True,False,Shared Encoder Stem On Bigram64 Best
2026_04_21_run_0011,1.562973,True,False,Shared Encoder Stem On Bigram64 Best
2026_04_21_run_0012,1.548527,True,False,Two-Branch Float-Kept Bigram Tail On Bigram64 Best
2026_04_21_run_0013,1.542902,True,False,Decoder Parallel Residual Shared-Norm On Bigram64 Best
2026_04_21_run_0014,1.547800,True,False,Higher-LR Output Tail On Current Best
2026_04_21_run_0015,1.548504,True,False,Tail-Only Decoder Parallel Residual
2026_04_21_run_0016,1.540079,True,True,Tail EMA On Float-Kept Bigram64 Best
2026_04_21_run_0017,1.534381,True,True,Expand Tail EMA To All Float-Kept Tensors
2026_04_21_run_0018,1.537901,True,False,Split-Rate EMA For Float-Kept Matrices
2026_04_21_run_0019,1.541253,True,False,Decoder Parallel Residual On Tail-EMA Bigram Best
2026_04_21_run_0020,1.547893,True,False,Compound Decoder Parallel Residual On EMA Best
2026_04_21_run_0021,1.539728,True,False,Full-Model Tail EMA For Quant-Aware Endgame
2026_04_21_run_0022,1.534739,True,False,Reallocate Bigram Tail Precision Toward Output Projection
2026_04_21_run_0023,1.537711,True,False,Quantized-Only Tail Snaps With Float-Kept EMA
2026_04_21_run_0024,1.535838,True,False,Quantized-Only Tail Snaps With Float-Kept EMA
2026_04_21_run_0025,1.530060,True,True,Zero-Init Gated Final-Block Recurrence
2026_04_21_run_0026,1.522306,True,True,Zero-Init Two-Block Tail Recurrence
2026_04_21_run_0027,1.525782,True,False,Shared-Heavy Tied Tail On Two-Block Recurrence
2026_04_21_run_0028,1.520872,True,True,Reallocate Tail FP16 Budget Toward Recurrent Final-Block QKV
2026_04_21_run_0029,1.522891,True,False,Gated Tail Carryover On Two-Block Recurrence
2026_04_21_run_0030,1.521011,True,False,Extend FP16 QKV Rescue To Both Recurrent Tail Blocks
2026_04_21_run_0031,1.522169,True,False,First-Pass Anchored Tail Recurrence
2026_04_21_run_0032,1.524311,True,False,First-Pass Anchored Tail Recurrence
2026_04_21_run_0033,1.528622,True,False,Preserve Recurrent Tail Controls And QKV From EMA Finalizer
2026_04_21_run_0034,1.520531,True,True,Reallocate Tail FP16 Budget Toward Recurrent Tail QK
2026_04_21_run_0035,1.522623,True,False,Boost Recurrent Tail QK Gain Initialization
2026_04_21_run_0036,1.525495,True,False,Transpose-Aware QK Int8 On Recurrent Tail Best
2026_04_21_run_0037,1.529409,True,False,Attention-Only Recurrent Tail On QK-Rescued Best
2026_04_21_run_0038,1.527438,True,False,Attention-Only Recurrent Tail On QK-Rescued Best
2026_04_21_run_0039,1.537005,True,False,SP4096 Small-Batch Transplant On Recurrent Tail QK Best
2026_04_21_run_0040,1.521379,True,False,Loosen Projection INT8 Clip On Recurrent-Tail Best
2026_04_21_run_0041,1.519967,True,True,Submission-Safe Recurrent Tail QK Verification
2026_04_21_run_0042,1.522840,True,False,FP32 Bigram Output Roundtrip On Recurrent Tail Best
2026_04_21_run_0043,1.525283,True,False,FP32 Bigram Output Roundtrip On Recurrent Tail Best
2026_04_21_run_0044,1.522448,True,False,Recurrent-Tail MLP-FC EMA Finalizer
2026_04_21_run_0045,1.530806,True,False,MLP-Only Recurrent Tail On Submission-Safe QK Best
2026_04_21_run_0046,1.524058,True,False,Carry-Gated Input Anchor On Recurrent Tail QK Best
2026_04_21_run_0047,1.522941,True,False,First-Pass Anchored Tail Recurrence On Recurrent-Tail QK Best
2026_04_21_run_0048,1.527460,True,False,Wake Bigram Head Early On Recurrent-Tail Best
2026_04_21_run_0049,1.531408,True,False,Seed 2026 + Faster Exact Endgame On Recurrent-Tail Best
2026_04_21_run_0050,1.524887,True,False,Tail QK Gain 1.10 On Recurrent-Tail Best
2026_04_21_run_0051,1.529219,True,False,Projection Clip 99.99 Seed 2026 On Recurrent-Tail Best
2026_04_21_run_0052,1.521169,True,False,Projection Clip 99.95 On Recurrent-Tail Best
2026_04_21_run_0053,1.523968,True,False,Row Offset Ratio 0.01 On Recurrent-Tail Best
2026_04_21_run_0055,1.524349,True,False,Rank-64 Output Head On Squeezed Tail Budget
2026_04_21_run_0056,1.528922,True,False,Wake Rank-64 Output Head Early On Squeezed Tail Budget
2026_04_21_run_0057,1.526278,True,False,Rank-64 Output Head With Single Recurrent Tail Block
2026_04_21_run_0058,1.529221,True,False,Wake Rank-64 Output Head Early With Single Recurrent Tail Block
2026_04_21_run_0059,1.529571,True,False,Rank-128 Output Head With Single Recurrent Tail Block
2026_04_21_run_0060,1.530199,True,False,Rank-128 Output Head With Float Kept Output Projection
2026_04_21_run_0061,1.531726,True,False,SeekerPrice Hyperparameter Transplant On Recurrent-Tail Best
2026_04_21_run_0062,1.524813,True,False,Fast Control LR Split On Recurrent-Tail QK Best
2026_04_21_run_0063,1.588246,True,False,Five-Sequence Updates With Larger Eval Batch
2026_04_21_run_0064,1.543515,True,False,10x480 Recurrent Tail With Extra FP16 Tail Projections
2026_04_21_run_0065,1.521910,True,False,Refine current best
2026_04_21_run_0066,1.521250,True,False,Staged Earlier Tail Recurrence Warm-In
2026_04_22_run_0001,1.531342,True,False,Shallow-Then-Full Tail Recurrence Schedule
2026_04_22_run_0002,1.522405,True,False,Forward-Mix Earlier Tail Recurrence Curriculum
2026_04_22_run_0003,1.524176,True,False,Asymmetric Tail-Recur Gate On Recurrent-Tail QK Best
2026_04_22_run_0004,1.524544,True,False,Gated Tail State Carryover On Recurrent-Tail Best
2026_04_22_run_0005,1.525001,True,False,Exact Output FP32 And EMA-Carved Recurrent Tail Endgame
2026_04_22_run_0006,1.523027,True,False,Late Endgame Tail-Recurrence Collapse On Recurrent-Tail QK Best
2026_04_22_run_0007,1.525147,True,False,Interleaved Tail Recurrence Refinement
2026_04_22_run_0008,1.524721,True,False,Reallocate Tail FP16 Budget Into Final Recurrent MLP Expansion
2026_04_22_run_0009,1.523275,True,False,Tail-Local Quant-Aware Mix With Full Recurrent V Rescue
2026_04_22_run_0010,1.523311,True,False,Tail Groupwise Int8 Rescue
2026_04_22_run_0011,1.521973,True,False,Late Bigram Wake-In On Recurrent-Tail QK Best
2026_04_22_run_0012,1.522892,True,False,Late Reverse Tail Recurrence Switch
2026_04_22_run_0013,1.526515,True,False,Earlier Tail Warm-In With Full Recurrent QKV Rescue
2026_04_22_run_0014,1.521024,True,False,Learned First-Pass Anchor On Recurrent Tail
2026_04_22_run_0015,1.522341,True,False,Recurrent-Tail QK Weight Tying
2026_04_22_run_0016,1.528382,True,False,Single-Block Tail Recurrence Warmup
2026_04_22_run_0017,1.524222,True,False,Gated Tail Carryover On Recurrent Tail
2026_04_22_run_0018,1.526028,True,False,Late Third Tail Recurrence Wake-In
2026_04_22_run_0019,1.524003,True,False,Anchored Two-Block Recurrent Tail With Full QKV Rescue
2026_04_22_run_0020,1.521445,True,False,Reallocate Tail FP16 Budget From Penultimate Projections To Full Recurrent QKV
2026_04_22_run_0021,1.525048,True,False,Widen Bigram Residual And Keep It Export-Safe
2026_04_22_run_0022,1.522450,True,False,Recurrent-Pass Tail Attention Softening
2026_04_22_run_0023,1.524669,True,False,Final-Block-Only First-Pass Anchor On Recurrent Tail
2026_04_22_run_0024,1.521032,True,False,Shift Tail V Rescue To The First Recurrent Block
2026_04_22_run_0025,1.524386,True,False,Full Recurrent QKV Plus Final Recurrent MLP Expansion
2026_04_22_run_0026,1.521954,True,False,First Recurrent Block Parallel Residual Tail
2026_04_22_run_0027,1.526897,True,False,Recurrent-Tail V EMA Smoothing
2026_04_22_run_0028,1.523259,True,False,Normalized Local Anchor For Recurrent Tail
2026_04_22_run_0029,1.525055,True,False,Recurrent Tail Sublayer Rebalancing
2026_04_22_run_0030,1.528811,True,False,Gated Shared Bridge Recurrence On Recurrent-Tail Best
2026_04_22_run_0031,1.526971,True,False,Float-Kept Low-Rank Tail Adapters On Recurrent Blocks
2026_04_22_run_0032,1.519519,True,True,Late-Aligned Decoder Skips For Recurrent Tail
2026_04_22_run_0033,1.522634,True,False,Replayed Late Decoder Skips On Recurrent Tail
2026_04_22_run_0034,1.521796,True,False,Fixed First-Pass Carry Anchor For Recurrent Tail
2026_04_22_run_0035,1.524493,True,False,Gated Replay Of Late Decoder Skips In Tail Recurrence
2026_04_22_run_0036,1.522295,True,False,Late Skip Anchors For Recurrent Tail
2026_04_22_run_0037,1.523801,True,False,RMS-Normalized Late Decoder Skips For Recurrent Tail
2026_04_22_run_0038,1.526735,True,False,Late-Aligned Decoder Skips With Tail-Recurrence Warm-In
2026_04_22_run_0039,1.519851,True,False,Late-Skip Tail QKV Float Rescue
2026_04_22_run_0040,1.522064,True,False,First-Pass Output Carryover For Recurrent Tail
2026_04_22_run_0041,1.524252,True,False,Late-Aligned Tail Recurrence With Learned Sublayer Scaling
2026_04_22_run_0042,1.524521,True,False,Staged Tail-Recurrence Depth Schedule
2026_04_22_run_0043,1.525882,True,False,Staged Tail-Recurrence Depth Schedule
2026_04_22_run_0044,1.519751,True,False,Reverse-Order Tail Recurrence On Late-Aligned Skips
2026_04_22_run_0045,1.522579,True,False,First-Pass Input Anchors For Recurrent Tail
2026_04_22_run_0046,1.521008,True,False,Reverse-Order Tail Recurrence With Tail QKV Float Rescue
2026_04_22_run_0047,1.523691,True,False,Roundtrip EMA On Quantized First Recurrent V
2026_04_22_run_0048,1.525030,True,False,First-Pass Tail Delta Replay On Late-Aligned Skips
2026_04_22_run_0049,1.518277,True,True,Tail-Focused Late Decoder Skips
2026_04_22_run_0050,1.517956,True,True,Reverse-Order Tail Recurrence On Tail-Focused Late Decoder Skips
2026_04_22_run_0051,1.519081,True,False,Warm-Start Reverse Tail Recurrence Gates
2026_04_22_run_0052,1.517645,True,True,Gated Decoder-Anchor Carry For Reverse Tail Recurrence
2026_04_23_run_0001,1.516890,True,True,Refine current best
2026_04_23_run_0002,1.520549,True,False,Refine current best
2026_04_23_run_0003,1.522233,True,False,Refine current best
2026_04_23_run_0004,1.519945,True,False,Refine current best
2026_04_23_run_0005,1.517844,True,False,Refine current best
2026_04_23_run_0006,1.520625,True,False,Refine current best
2026_04_23_run_0007,1.518018,True,False,Refine current best
2026_04_23_run_0008,1.518444,True,False,Refine current best
2026_04_23_run_0009,1.522413,True,False,Refine current best
2026_04_23_run_0010,1.519595,True,False,Refine current best
2026_04_23_run_0011,1.520436,True,False,Refine current best
2026_04_23_run_0012,1.518823,True,False,Refine current best
2026_04_23_run_0013,1.518644,True,False,Refine current best
2026_04_23_run_0014,1.519425,True,False,Refine current best
2026_04_23_run_0015,1.520902,True,False,Refine current best
2026_04_23_run_0016,1.519850,True,False,Refine current best
2026_04_23_run_0017,1.517092,True,False,Refine current best
2026_04_23_run_0018,1.518382,True,False,Refine current best
2026_04_23_run_0019,1.519523,True,False,Refine current best
2026_04_23_run_0020,1.517052,True,False,Refine current best
2026_04_23_run_0021,1.521660,True,False,Refine current best
2026_04_23_run_0022,1.517995,True,False,Refine current best
2026_04_23_run_0023,1.518751,True,False,Refine current best
2026_04_23_run_0024,1.516879,True,True,Refine current best
2026_04_23_run_0025,1.519088,True,False,Refine current best
2026_04_23_run_0026,1.517755,True,False,Refine current best
2026_04_23_run_0027,1.517057,True,False,Refine current best
2026_04_23_run_0028,1.518849,True,False,Refine current best
2026_04_23_run_0029,1.516429,True,True,Refine current best
2026_04_23_run_0030,1.518908,True,False,Refine current best
2026_04_23_run_0031,1.515628,True,True,Refine current best
2026_04_23_run_0032,1.517307,True,False,Refine current best
2026_04_23_run_0033,1.518695,True,False,Refine current best
2026_04_23_run_0034,1.516936,True,False,Refine current best
2026_04_23_run_0035,1.519920,True,False,Refine current best
2026_04_23_run_0036,1.517724,True,False,Refine current best
2026_04_23_run_0037,1.518682,True,False,Refine current best
2026_04_23_run_0038,1.516949,True,False,Refine current best
2026_04_23_run_0039,1.517442,True,False,Refine current best
2026_04_23_run_0040,1.521745,True,False,Refine current best
2026_04_23_run_0041,1.516470,True,False,Refine current best
2026_04_23_run_0042,1.517471,True,False,Refine current best
2026_04_23_run_0043,1.521282,True,False,Refine current best
2026_04_23_run_0044,1.518372,True,False,Refine current best
2026_04_23_run_0045,1.518304,True,False,Refine current best
2026_04_23_run_0046,1.517261,True,False,Refine current best
2026_04_23_run_0047,1.521828,True,False,Refine current best
2026_04_23_run_0048,1.521233,True,False,Refine current best
2026_04_23_run_0049,1.518247,True,False,Refine current best
2026_04_23_run_0050,1.517869,True,False,Refine current best
2026_04_23_run_0051,1.518844,True,False,Refine current best
2026_04_23_run_0052,1.524920,True,False,Refine current best
2026_04_23_run_0053,1.517726,True,False,Refine current best
2026_04_23_run_0054,1.518992,True,False,Refine current best
2026_04_23_run_0055,1.518380,True,False,Refine current best
2026_04_23_run_0056,1.519880,True,False,Refine current best
2026_04_23_run_0057,1.517700,True,False,Refine current best
2026_04_23_run_0058,1.520234,True,False,Refine current best
2026_04_23_run_0059,1.517876,True,False,Refine current best
2026_04_23_run_0060,1.517681,True,False,Refine current best
2026_04_23_run_0061,1.518181,True,False,Refine current best
2026_04_23_run_0062,1.523200,True,False,Refine current best
2026_04_23_run_0063,1.516601,True,False,Refine current best
2026_04_23_run_0064,1.522396,True,False,Refine current best
2026_04_23_run_0065,1.520033,True,False,Refine current best
2026_04_23_run_0066,1.518187,True,False,Refine current best
2026_04_23_run_0067,1.516927,True,False,Refine current best
2026_04_23_run_0068,1.516987,True,False,Refine current best
2026_04_23_run_0069,1.520426,True,False,Refine current best
2026_04_23_run_0070,1.517761,True,False,Refine current best
2026_04_23_run_0071,1.523756,True,False,Refine current best
2026_04_23_run_0072,1.521239,True,False,Refine current best
2026_04_23_run_0073,1.518308,True,False,Refine current best
2026_04_23_run_0074,1.518982,True,False,Refine current best
2026_04_23_run_0075,1.524701,True,False,Refine current best
2026_04_23_run_0076,1.519649,True,False,Refine current best
2026_04_23_run_0077,1.522611,True,False,Refine current best
2026_04_23_run_0078,1.517194,True,False,Refine current best
2026_04_23_run_0079,1.521000,True,False,Refine current best
2026_04_23_run_0080,1.523225,True,False,Refine current best
2026_04_23_run_0081,1.523220,True,False,Refine current best
2026_04_23_run_0082,1.521472,True,False,Refine current best
2026_04_23_run_0083,1.517555,True,False,Refine current best
2026_04_23_run_0084,1.522714,True,False,Refine current best
2026_04_23_run_0085,1.521254,True,False,Refine current best
2026_04_23_run_0086,1.517035,True,False,Refine current best
2026_04_23_run_0087,1.519062,True,False,Refine current best
2026_04_23_run_0088,1.519631,True,False,Refine current best
2026_04_23_run_0089,1.523276,True,False,Tail-Position Weighted Training Loss
2026_04_23_run_0090,1.522549,True,False,Final-Block Tail Recurrence
2026_04_23_run_0091,1.722302,True,False,Strided In-Shard Batch Traversal
2026_04_23_run_0092,1.522714,True,False,Learned Local Anchor Gate For Reverse Tail Recurrence
2026_04_23_run_0093,1.520345,True,False,Contiguous Train Shard Rotation
2026_04_23_run_0094,1.516892,True,False,Recurrent-Exit Value FP16 Reallocation
2026_04_23_run_0095,1.516433,True,False,Refine current best
2026_04_23_run_0096,1.517585,True,False,Refine current best
2026_04_23_run_0097,1.518611,True,False,Refine current best
2026_04_23_run_0098,1.519040,True,False,Refine current best
2026_04_23_run_0099,1.518639,True,False,Refine current best
2026_04_23_run_0100,1.518184,True,False,Late-Phase Validation-Aligned Tail Loss
2026_04_23_run_0101,1.523629,True,False,Prev-Token Class Bias On Reverse Tail Best
2026_04_23_run_0102,1.516866,True,False,Dual Recurrent-Tail V FP16 Rescue
2026_04_23_run_0103,1.519370,True,False,Greedy Tail FP16 Rescue Selection
2026_04_23_run_0104,1.518515,True,False,Tail-Recur Depth Curriculum Before Quant-Aware Endgame
2026_04_24_run_0001,1.522826,True,False,Reverse Tail Recurrence With Local Carry Anchors
2026_04_24_run_0002,1.548983,True,False,Late Tail-Loss Blend On Reverse Recurrent Baseline
2026_04_24_run_0003,1.533823,True,False,Late Tail-Recur Gate Warmup On Reverse Recurrent Baseline
2026_04_24_run_0004,1.516867,True,False,Reverse Tail Anchor Mix
2026_04_24_run_0005,1.524454,True,False,Dual-Anchor Mix For Reverse Tail Recurrence
2026_04_24_run_0006,1.528005,True,False,Tail Recurrence Warmup Curriculum
2026_04_24_run_0007,1.520091,True,False,Recurrent-Tail Value FP16 Rescue
2026_04_24_run_0008,1.538515,True,False,Late-Position Tail Recurrence Focus
2026_04_24_run_0009,1.522678,True,False,Budgeted Tail-Sensitive FP16 Rescue
2026_04_24_run_0010,1.516816,True,False,Reverse Tail Anchor Refresh
2026_04_24_run_0011,1.518534,True,False,Per-Block Tail Anchor Recurrence
2026_04_24_run_0012,1.529829,True,False,Late Tail-Aligned Loss Mask
2026_04_24_run_0013,1.521961,True,False,Boundary-Conditioned Logit Bias
2026_04_24_run_0014,1.566021,True,False,Tail-Position Logit Bias On Recurrent Baseline
2026_04_24_run_0016,1.519279,True,False,Refreshed Tail Anchor KV/V Reallocation
2026_04_24_run_0017,1.518997,True,False,Reverse Tail Anchor Refresh Blend
2026_04_24_run_0018,1.521325,True,False,Reverse Tail Anchor Scalar Refresh
2026_04_24_run_0019,1.518713,True,False,Per-Block Tail Anchor Refresh
2026_04_24_run_0020,1.516532,True,False,Tail Value FP16 Reallocation
2026_04_24_run_0021,1.649123,True,False,Tail Recurrence Warmup Curriculum
2026_04_24_run_0022,1.518612,True,False,Recurrent Attention FP16 Reallocation
2026_04_24_run_0023,1.518591,True,False,Recurrent Tail V/Proj FP16 Rescue
2026_04_24_run_0024,1.524289,True,False,Reverse Tail Local-Global Anchor Blend
2026_04_24_run_0025,1.519865,True,False,Late Quant-Aware Tail-Aligned Loss
2026_04_24_run_0026,1.513717,False,True,Recurrent Tail Value-Path Float Reallocation
2026_04_24_run_0027,1.517917,True,False,Reverse Tail Progressive Anchor Refresh
2026_04_25_run_0001,1.517498,True,False,Reverse Tail Anchor Self-Refresh
2026_04_25_run_0002,1.515139,True,False,Recurrent Tail KV Float Reallocation
2026_04_25_run_0003,1.515645,True,False,Dual Recurrent-Tail Value Float Reallocation
2026_04_25_run_0004,1.511060,True,True,Staged Reverse-Tail Recurrence Curriculum
2026_04_25_run_0005,1.515022,True,False,Reverse-Tail Anchor Refresh Gate
2026_04_25_run_0006,1.523816,True,False,Reverse-Tail Anchor Refresh Gate
2026_04_25_run_0007,1.511643,True,False,Capped Reverse-Tail Recurrence Profile
2026_04_25_run_0008,1.522853,True,False,Decoupled Tail Carry Curriculum
2026_04_25_run_0009,1.515589,False,False,Late Anchor-Mix Reverse Tail
2026_04_25_run_0010,1.522210,True,False,Staged Reverse-Tail Anchor Refresh Curriculum
2026_04_25_run_0011,1.513875,True,False,Late Tail-Aligned Loss Curriculum
2026_04_25_run_0012,1.513872,True,False,Staged Reverse-Tail Anchor Refresh Curriculum
2026_04_25_run_0013,1.513298,True,False,Recurrent Tail KV/V Export Reallocation
2026_04_25_run_0014,1.515329,True,False,Recurrent-Tail V Rescue Reallocation
2026_04_25_run_0015,1.521860,True,False,Staged Running-Anchor Reverse Tail
2026_04_25_run_0016,1.516251,True,False,Late Full-Unlock Reverse-Tail Profile
2026_04_25_run_0017,1.516431,True,False,Late Tail-Aligned Reverse-Tail Curriculum
2026_04_25_run_0018,1.521156,True,False,Staged Running-Anchor Reverse Tail
2026_04_25_run_0019,1.517253,True,False,Reverse-Tail Carry Lag
2026_04_25_run_0020,1.541567,True,False,Quadratic Tail-Local Carry Refresh
2026_04_25_run_0021,1.516643,True,False,Gated Tail-Anchor Refresh
2026_04_25_run_0022,1.519572,True,False,Gentle Late Tail-Loss Alignment
2026_04_25_run_0023,1.516075,True,False,Refine current best
2026_04_25_run_0024,1.520074,True,False,Refine current best
2026_04_25_run_0025,1.515153,True,False,Refine current best
2026_04_25_run_0026,1.517517,True,False,Refine current best
2026_04_25_run_0027,1.516288,True,False,Refine current best
2026_04_25_run_0028,1.511899,True,False,Refine current best
2026_04_25_run_0029,1.512804,True,False,Refine current best
2026_04_25_run_0030,1.517006,True,False,Refine current best
2026_04_25_run_0031,1.515918,True,False,Refine current best
2026_04_25_run_0032,1.515143,True,False,Refine current best
2026_04_25_run_0033,1.520246,True,False,Refine current best
2026_04_25_run_0034,1.516110,True,False,Refine current best
2026_04_25_run_0035,1.514006,True,False,Refine current best
2026_04_25_run_0036,1.514823,True,False,Refine current best
2026_04_25_run_0037,1.513948,True,False,Refine current best
2026_04_25_run_0038,1.515825,True,False,Refine current best
2026_04_25_run_0039,1.512329,True,False,Refine current best
2026_04_25_run_0040,1.515599,True,False,Refine current best
2026_04_25_run_0041,1.514436,True,False,Refine current best
2026_04_25_run_0042,1.518624,True,False,Refine current best
2026_04_25_run_0043,1.513784,True,False,Refine current best
2026_04_25_run_0044,1.514093,True,False,Refine current best
2026_04_25_run_0045,1.513860,True,False,Refine current best
2026_04_25_run_0046,1.515351,True,False,Refine current best
2026_04_25_run_0047,1.515834,True,False,Refine current best
2026_04_25_run_0048,1.515288,True,False,Refine current best
2026_04_25_run_0049,1.514966,True,False,Refine current best
2026_04_25_run_0050,1.515312,True,False,Refine current best
2026_04_25_run_0051,1.511214,True,False,Refine current best
2026_04_25_run_0052,1.514185,True,False,Refine current best
2026_04_25_run_0053,1.515835,True,False,Refine current best
2026_04_25_run_0054,1.515277,True,False,Refine current best
2026_04_25_run_0055,1.513920,True,False,Refine current best
2026_04_25_run_0056,1.514366,True,False,Refine current best
2026_04_25_run_0057,1.516856,True,False,Refine current best
2026_04_25_run_0058,1.515664,True,False,Refine current best
2026_04_25_run_0059,1.513559,True,False,Refine current best
2026_04_25_run_0060,1.514334,True,False,Refine current best
2026_04_25_run_0061,1.513552,True,False,Refine current best
2026_04_25_run_0062,1.516188,True,False,Refine current best
2026_04_25_run_0063,1.514623,True,False,Refine current best
2026_04_25_run_0064,1.515378,True,False,Refine current best
2026_04_25_run_0065,1.512878,True,False,Refine current best
2026_04_25_run_0066,1.515116,True,False,Refine current best
2026_04_25_run_0067,1.519393,True,False,Refine current best
2026_04_25_run_0068,1.514024,True,False,Refine current best
2026_04_25_run_0069,1.515649,True,False,Refine current best
2026_04_25_run_0070,1.514391,True,False,Refine current best
2026_04_25_run_0071,1.515528,True,False,Refine current best
2026_04_25_run_0072,1.514595,True,False,Refine current best
2026_04_25_run_0073,1.512135,True,False,Refine current best
2026_04_25_run_0074,1.512358,True,False,Refine current best
2026_04_25_run_0075,1.515260,True,False,Refine current best
2026_04_25_run_0076,1.514840,True,False,Refine current best
2026_04_25_run_0077,1.513258,True,False,Refine current best
2026_04_25_run_0078,1.516974,True,False,Refine current best
2026_04_25_run_0079,1.516784,True,False,Refine current best
2026_04_25_run_0080,1.513737,True,False,Refine current best
2026_04_25_run_0081,1.513752,True,False,Refine current best
2026_04_25_run_0082,1.513943,True,False,Refine current best
2026_04_25_run_0083,1.515983,True,False,Refine current best
2026_04_25_run_0084,1.515621,True,False,Refine current best
2026_04_25_run_0085,1.517220,True,False,Refine current best
2026_04_25_run_0086,1.513148,True,False,Refine current best
2026_04_25_run_0087,1.513697,True,False,Refine current best
2026_04_25_run_0088,1.514821,True,False,Refine current best
2026_04_25_run_0089,1.516742,True,False,Refine current best
2026_04_25_run_0090,1.514447,True,False,Refine current best
2026_04_25_run_0091,1.515351,True,False,Refine current best
2026_04_25_run_0092,1.515040,True,False,Refine current best
2026_04_25_run_0093,1.514966,True,False,Refine current best
2026_04_25_run_0094,1.516517,True,False,Refine current best
2026_04_25_run_0095,1.516826,True,False,Refine current best
2026_04_25_run_0096,1.514243,True,False,Refine current best
2026_04_25_run_0097,1.517802,True,False,Refine current best
2026_04_25_run_0098,1.515533,True,False,Refine current best
2026_04_25_run_0099,1.514235,True,False,Refine current best
2026_04_25_run_0100,1.516883,True,False,Refine current best
2026_04_25_run_0101,1.514175,True,False,Refine current best
2026_04_25_run_0102,1.518052,True,False,Refine current best
2026_04_25_run_0103,1.514635,True,False,Refine current best
2026_04_25_run_0104,1.514731,True,False,Refine current best
2026_04_25_run_0105,1.513732,True,False,Refine current best
2026_04_25_run_0106,1.515816,True,False,Refine current best
2026_04_25_run_0107,1.512891,True,False,Refine current best
2026_04_25_run_0108,1.512674,True,False,Refine current best
2026_04_25_run_0109,1.513161,True,False,Refine current best
2026_04_25_run_0110,1.513875,True,False,Refine current best
2026_04_25_run_0111,1.514611,True,False,Refine current best
2026_04_25_run_0112,1.515444,True,False,Refine current best
2026_04_25_run_0113,1.513116,True,False,Refine current best
2026_04_25_run_0114,1.516961,True,False,Refine current best
2026_04_25_run_0115,1.514282,True,False,Refine current best
2026_04_25_run_0116,1.512678,True,False,Refine current best
2026_04_25_run_0117,1.518959,True,False,Refine current best
2026_04_25_run_0118,1.514181,True,False,Refine current best
2026_04_25_run_0119,1.515847,True,False,Refine current best
2026_04_25_run_0120,1.514164,True,False,Refine current best
2026_04_25_run_0121,1.513205,True,False,Refine current best
2026_04_25_run_0122,1.514998,True,False,Refine current best
2026_04_25_run_0123,1.516274,True,False,Refine current best
2026_04_25_run_0124,1.513929,True,False,Refine current best
2026_04_25_run_0125,1.517396,True,False,Refine current best
2026_04_26_run_0001,1.513884,True,False,Refine current best
2026_04_26_run_0002,1.512926,True,False,Refine current best
2026_04_26_run_0003,1.513620,True,False,Refine current best
2026_04_26_run_0004,1.515038,True,False,Refine current best
2026_04_26_run_0005,1.513266,True,False,Refine current best
2026_04_26_run_0006,1.520181,True,False,Refine current best
2026_04_26_run_0007,1.514404,True,False,Refine current best
2026_04_26_run_0008,1.514747,True,False,Refine current best
2026_04_26_run_0009,1.513159,True,False,Refine current best
2026_04_26_run_0010,1.515279,True,False,Refine current best
2026_04_26_run_0011,1.518954,True,False,Refine current best
2026_04_26_run_0012,1.515225,True,False,Refine current best
2026_04_26_run_0013,1.514377,True,False,Refine current best
2026_04_26_run_0014,1.515421,True,False,Refine current best
2026_04_26_run_0015,1.514414,True,False,Refine current best
2026_04_26_run_0016,1.512811,True,False,Refine current best
2026_04_26_run_0017,1.516833,True,False,Refine current best
2026_04_26_run_0018,1.516509,True,False,Refine current best
2026_04_26_run_0019,1.518227,True,False,Refine current best
2026_04_26_run_0020,1.516043,True,False,Refine current best
2026_04_26_run_0021,1.516456,True,False,Refine current best
2026_04_26_run_0022,1.514742,True,False,Refine current best
2026_04_26_run_0023,1.513474,True,False,Refine current best
2026_04_26_run_0024,1.514178,True,False,Refine current best
2026_04_26_run_0025,1.514490,True,False,Refine current best
2026_04_26_run_0026,1.517866,True,False,Refine current best
2026_04_26_run_0027,1.514176,True,False,Refine current best
2026_04_26_run_0028,1.513292,True,False,Refine current best
2026_04_26_run_0029,1.515941,True,False,Refine current best
2026_04_26_run_0030,1.516875,True,False,Refine current best
2026_04_26_run_0031,1.511866,True,False,Refine current best
2026_04_26_run_0032,1.513411,True,False,Refine current best
2026_04_26_run_0033,1.511254,True,False,Refine current best
2026_04_26_run_0034,1.513422,True,False,Refine current best
2026_04_26_run_0035,1.517401,True,False,Refine current best
2026_04_26_run_0036,1.513884,True,False,Refine current best
2026_04_26_run_0037,1.514781,True,False,Refine current best
2026_04_26_run_0038,1.515228,True,False,Refine current best
2026_04_26_run_0039,1.514501,True,False,Refine current best
2026_04_26_run_0040,1.514399,True,False,Refine current best
2026_04_26_run_0041,1.517349,True,False,Refine current best
2026_04_26_run_0042,1.516213,True,False,Refine current best
2026_04_26_run_0043,1.514339,True,False,Refine current best
2026_04_26_run_0044,1.516234,True,False,Refine current best
2026_04_26_run_0045,1.515485,True,False,Refine current best
2026_04_26_run_0046,1.515199,True,False,Refine current best
2026_04_26_run_0047,1.512559,True,False,Refine current best
2026_04_26_run_0048,1.514078,True,False,Refine current best
2026_04_26_run_0049,1.516017,True,False,Refine current best
2026_04_26_run_0050,1.515199,True,False,Refine current best
2026_04_26_run_0051,1.513220,True,False,Refine current best
2026_04_26_run_0052,1.517501,True,False,Refine current best
2026_04_26_run_0053,1.518589,True,False,Refine current best
2026_04_26_run_0054,1.512428,True,False,Refine current best
2026_04_26_run_0055,1.515686,True,False,Refine current best
2026_04_26_run_0056,1.513042,True,False,Refine current best
2026_04_26_run_0057,1.514616,True,False,Refine current best
2026_04_26_run_0058,1.516770,True,False,Refine current best
2026_04_26_run_0059,1.514526,True,False,Refine current best
2026_04_26_run_0060,1.515328,True,False,Refine current best
2026_04_26_run_0061,1.517176,True,False,Refine current best
2026_04_26_run_0062,1.514021,True,False,Refine current best
2026_04_26_run_0063,1.514403,True,False,Refine current best
2026_04_26_run_0064,1.516459,True,False,Refine current best
2026_04_26_run_0065,1.515269,True,False,Refine current best
2026_04_26_run_0066,1.514938,True,False,Refine current best
2026_04_26_run_0067,1.515359,True,False,Refine current best
2026_04_26_run_0068,1.515134,True,False,Refine current best
2026_04_26_run_0069,1.516159,True,False,Refine current best
2026_04_26_run_0070,1.514752,True,False,Refine current best
2026_04_26_run_0071,1.515146,True,False,Refine current best
2026_04_26_run_0072,1.515656,True,False,Refine current best
2026_04_26_run_0073,1.514075,True,False,Refine current best
2026_04_26_run_0074,1.514201,True,False,Refine current best
2026_04_26_run_0075,1.514532,True,False,Refine current best
2026_04_26_run_0076,1.514789,True,False,Refine current best
2026_04_26_run_0077,1.514281,True,False,Refine current best
2026_04_26_run_0078,1.517671,True,False,Refine current best
2026_04_26_run_0079,1.514529,True,False,Refine current best
2026_04_26_run_0080,1.514430,True,False,Refine current best
2026_04_26_run_0081,1.518617,True,False,Refine current best
2026_04_26_run_0082,1.517084,True,False,Refine current best
2026_04_26_run_0083,1.515275,True,False,Refine current best
2026_04_26_run_0084,1.515689,True,False,Refine current best
2026_04_26_run_0085,1.514005,True,False,Refine current best
2026_04_26_run_0086,1.517608,True,False,Refine current best
2026_04_26_run_0087,1.514854,True,False,Refine current best
2026_04_26_run_0088,1.516273,True,False,Refine current best
2026_04_26_run_0089,1.516542,True,False,Refine current best
2026_04_26_run_0090,1.514873,True,False,Refine current best
2026_04_26_run_0091,1.511991,True,False,Refine current best
2026_04_26_run_0092,1.514578,True,False,Refine current best
2026_04_26_run_0093,1.517311,True,False,Refine current best
2026_04_26_run_0094,1.515639,True,False,Refine current best
2026_04_26_run_0095,1.515528,True,False,Refine current best
2026_04_26_run_0096,1.513200,True,False,Refine current best
2026_04_26_run_0097,1.516394,True,False,Refine current best
2026_04_26_run_0098,1.514913,True,False,Refine current best
2026_04_26_run_0099,1.513773,True,False,Refine current best
2026_04_26_run_0100,1.515343,True,False,Refine current best
2026_04_26_run_0101,1.515322,True,False,Refine current best
2026_04_26_run_0102,1.513995,True,False,Refine current best
2026_04_26_run_0103,1.513578,True,False,Refine current best
2026_04_26_run_0104,1.517050,True,False,Refine current best
2026_04_26_run_0105,1.512522,True,False,Refine current best
2026_04_26_run_0106,1.520844,True,False,Refine current best
2026_04_26_run_0107,1.520052,True,False,Refine current best
2026_04_26_run_0108,1.518715,True,False,Refine current best
2026_04_26_run_0109,1.516614,True,False,Refine current best
2026_04_26_run_0110,1.515109,True,False,Refine current best
2026_04_26_run_0111,1.514536,True,False,Refine current best
2026_04_26_run_0112,1.515351,True,False,Refine current best
2026_04_26_run_0113,1.516206,True,False,Refine current best
2026_04_26_run_0114,1.512529,True,False,Refine current best
2026_04_26_run_0115,1.513861,True,False,Refine current best
2026_04_26_run_0116,1.516342,True,False,Refine current best
2026_04_26_run_0117,1.516909,True,False,Refine current best
2026_04_26_run_0118,1.515702,True,False,Refine current best
2026_04_26_run_0119,1.515393,True,False,Refine current best
2026_04_26_run_0120,1.516436,True,False,Refine current best
2026_04_26_run_0121,1.513440,True,False,Refine current best
2026_04_26_run_0122,1.515028,True,False,Refine current best
2026_04_26_run_0123,1.511737,True,False,Refine current best
2026_04_26_run_0124,1.515405,True,False,Refine current best
2026_04_26_run_0125,1.514850,True,False,Refine current best
2026_04_26_run_0126,1.518124,True,False,Refine current best
2026_04_26_run_0127,1.515652,True,False,Refine current best
2026_04_26_run_0128,1.518177,True,False,Refine current best
2026_04_26_run_0129,1.513801,True,False,Refine current best
2026_04_26_run_0130,1.514770,True,False,Refine current best
2026_04_26_run_0131,1.514766,True,False,Refine current best
2026_04_26_run_0132,1.515266,True,False,Refine current best
2026_04_26_run_0133,1.514290,True,False,Refine current best
2026_04_26_run_0134,1.514210,True,False,Refine current best
2026_04_26_run_0135,1.514039,True,False,Refine current best
2026_04_27_run_0001,1.513876,True,False,Refine current best
2026_04_27_run_0002,1.514570,True,False,Refine current best
2026_04_27_run_0003,1.516661,True,False,Refine current best
2026_04_27_run_0004,1.517215,True,False,Refine current best
2026_04_27_run_0005,1.515152,True,False,Refine current best
2026_04_27_run_0006,1.516142,True,False,Refine current best
2026_04_27_run_0007,1.519674,True,False,Refine current best
2026_04_27_run_0008,1.512455,True,False,Refine current best
2026_04_27_run_0009,1.522341,True,False,Refine current best
2026_04_27_run_0010,1.520455,True,False,Refine current best
2026_04_27_run_0011,1.521855,True,False,Refine current best
2026_04_27_run_0012,1.522347,True,False,Refine current best
2026_04_27_run_0013,1.522929,True,False,Refine current best
2026_04_27_run_0014,1.524331,True,False,Refine current best
2026_04_27_run_0015,1.521748,True,False,Refine current best
2026_04_27_run_0016,1.520866,True,False,Refine current best
2026_04_27_run_0017,1.522277,True,False,Refine current best
2026_04_27_run_0018,1.520541,True,False,Refine current best
